Hero,Level,Name,Effect,Value,Buffed Ability,Required Spec
Bruenor,5,,Self Damage Boost,100,,
Bruenor,10,Inspired,Ability Unlock,1,,
Bruenor,25,,Ultimate Unlock,2,,
Bruenor,50,Rally,Ability Unlock,2,,
Bruenor,100,,Self Damage Boost,100,,
Bruenor,150,Champion,Specialisation Choice,200,Inspired,
Bruenor,150,Battle Master,Specialisation Choice,100,Rally,
Bruenor,200,,Self Damage Boost,100,,
Bruenor,250,,Self Damage Boost,200,,Champion
Bruenor,250,,All Damage Boost,100,,Battle Master
Bruenor,300,,Self Damage Boost,200,,Champion
Bruenor,300,,Ability Upgrade,300,Rally,Battle Master
Bruenor,400,,All Damage Boost,200,,
Bruenor,500,,Ability Upgrade,300,Inspired,Champion
Bruenor,500,,Ability Upgrade,200,Rally,Battle Master
Bruenor,600,,Self Damage Boost,100,,
Bruenor,690,,Ultimate Boost,100,,
Bruenor,800,,Self Damage Boost,200,,Champion
Bruenor,800,,All Damage Boost,100,,Battle Master
Bruenor,900,,Self Damage Boost,100,,Champion
Celeste,10,,All Damage Boost,100,,
Celeste,20,Crusader's Mantle,Ability Unlock,3,,
Celeste,35,,All Damage Boost,100,,
Celeste,40,Mass Cure Wounds,Ability Unlock,4,,
Celeste,50,,Ultimate Unlock,4,,
Celeste,90,,All Damage Boost,100,,
Celeste,100,War Domain,Specialisation Choice,100,Crusader's Mantle,
Celeste,100,Life Domain,Specialisation Choice,100,Mass Cure Wounds,
Celeste,75,,Ability Upgrade,400,Mass Cure Wounds,
Celeste,150,,Ability Upgrade,100,Crusader's Mantle,War Domain
Celeste,130,,Ability Upgrade,400,Mass Cure Wounds,
Celeste,280,,All Damage Boost,100,,
Celeste,220,,Ability Upgrade,100,Crusader's Mantle,War Domain
Celeste,205,,Ability Upgrade,600,Mass Cure Wounds,
Nayeli,10,,All Damage Boost,100,,
Nayeli,20,Aura of Courage,Ability Unlock,5,,
Nayeli,30,,Self Damage Boost,200,,
Nayeli,40,Aura of Protection,Ability Unlock,6,,
Nayeli,50,,Ultimate Unlock,6,,
Nayeli,55,,All Damage Boost,200,,
Nayeli,100,Oath of Vengeance,Specialisation Choice,200,Aura of Courage,
Nayeli,100,Oath of Devotion,Specialisation Choice,300000,,
Nayeli,145,,All Damage Boost,100,,
Nayeli,150,,Ability Upgrade,200,Aura of Courage,Oath of Vengeance
Nayeli,155,,Health Boost,80000000,,Oath of Devotion
Nayeli,190,,All Damage Boost,100,,
Nayeli,215,,Ability Upgrade,100,Aura of Courage,Oath of Vengeance
Nayeli,180,,Health Boost,850000000,,Oath of Devotion
Jarlaxle,10,,Self Damage Boost,100,,
Jarlaxle,35,Room To Work,Ability Unlock,7,,
Jarlaxle,50,,Ultimate Unlock,8,,
Jarlaxle,75,,Self Damage Boost,100,,
Jarlaxle,100,Equal Opportunity,Ability Unlock,29,,
Jarlaxle,110,,Self Damage Boost,100,,
Jarlaxle,125,,Gold Find Boost,10,,
Jarlaxle,150,Loner,Specialisation Choice,300,Room To Work,
Jarlaxle,150,Socialite,Specialisation Choice,200,Equal Opportunity,
Jarlaxle,175,,Gold Find Boost,10,,
Jarlaxle,200,,Self Damage Boost,100,,
Jarlaxle,250,,Ability Upgrade,200,Room To Work,Loner
Jarlaxle,250,,Ability Upgrade,200,Equal Opportunity,Socialite
Jarlaxle,275,,Gold Find Boost,10,,
Jarlaxle,300,,Self Damage Boost,300,,
Jarlaxle,350,,Self Damage Boost,300,,
Jarlaxle,400,,Ability Upgrade,200,Room To Work,Loner
Jarlaxle,400,,Ability Upgrade,300,Equal Opportunity,Socialite
Jarlaxle,425,,Gold Find Boost,10,,
Calliope,12,,All Damage Boost,100,,
Calliope,24,Bardic Inspiration,Ability Unlock,9,,
Calliope,36,Song of Protection,Ability Unlock,10,,
Calliope,48,,Ultimate Unlock,10,,
Calliope,60,,All Damage Boost,100,,
Calliope,80,College of Valor,Specialisation Choice,200,Bardic Inspiration,
Calliope,80,College of Lore,Specialisation Choice,100,Song of Protection,
Calliope,100,,All Damage Boost,200,,
Calliope,120,,Ability Upgrade,400,Song of Protection,
Calliope,140,,Ability Upgrade,100,Bardic Inspiration,College of Valor
Calliope,150,,Ability Upgrade,400,Song of Protection,
Bruenor,475,,All Damage Boost,100,,Battle Master
Calliope,200,,Ability Upgrade,100,Bardic Inspiration,College of Valor
Calliope,205,,Ability Upgrade,300,Song of Protection,
Calliope,240,,All Damage Boost,100,,
Calliope,310,,All Damage Boost,100,,
Calliope,345,,Ability Upgrade,100,Bardic Inspiration,College of Valor
Calliope,320,,Ability Upgrade,300,Song of Protection,
Asharra,55,,Self Damage Boost,100,,
Asharra,65,,Self Damage Boost,200,,
Asharra,10,Bond: Humans,Specialisation Choice,11,,
Asharra,10,Bond: Elves and Dwarves,Specialisation Choice,12,,
Asharra,10,"Bond: Tiefling, Firbolg, and Dragonborn",Specialisation Choice,13,,
Asharra,20,,Ultimate Unlock,12,,
Asharra,30,,Self Damage Boost,100,,
Asharra,45,,Self Damage Boost,100,,
Asharra,75,,Self Damage Boost,200,,
Asharra,100,,Increase Number of Enemies Targeted,1,,
Asharra,120,,Self Damage Boost,200,,
Asharra,130,,Self Damage Boost,100,,
Asharra,140,,Ability Upgrade,200,Bond: Humans,Bond: Humans
Asharra,140,,Ability Upgrade,200,Bond: Elves and Dwarves,Bond: Elves and Dwarves
Asharra,140,,Ability Upgrade,200,"Bond: Tiefling, Firbolg, and Dragonborn","Bond: Tiefling, Firbolg, and Dragonborn"
Asharra,150,,Self Damage Boost,200,,
Asharra,160,,Self Damage Boost,100,,
Asharra,200,,Self Damage Boost,300,,
Minsc,20,,Self Damage Boost,100,,
Minsc,40,,All Damage Boost,100,,
Minsc,50,Favored Enemy: Humanoids,Specialisation Choice,14,,
Minsc,50,Favored Enemy: Beasts,Specialisation Choice,15,,
Minsc,50,Favored Enemy: Undead,Specialisation Choice,16,,
Minsc,50,Favored Enemy: Fey,Specialisation Choice,17,,
Minsc,50,Favored Enemy: Monstrosities,Specialisation Choice,18,,
Minsc,75,,Self Damage Boost,400,,
Minsc,100,,Self Damage Boost,500,,
Minsc,125,,Ultimate Unlock,14,,
Minsc,150,,Self Damage Boost,300,,
Minsc,175,,Ability Upgrade,100,Favored Enemy: Humanoids,Favored Enemy: Humanoids
Minsc,175,,Ability Upgrade,100,Favored Enemy: Beasts,Favored Enemy: Beasts
Minsc,175,,Ability Upgrade,100,Favored Enemy: Undead,Favored Enemy: Undead
Minsc,175,,Ability Upgrade,100,Favored Enemy: Fey,Favored Enemy: Fey
Minsc,175,,Ability Upgrade,100,Favored Enemy: Monstrosities,Favored Enemy: Monstrosities
Minsc,200,,Self Damage Boost,300,,
Delina,650,,Self Damage Boost,100,,
Delina,725,,Self Damage Boost,200,,
Delina,25,Twinned Spell,Grants Ricochet to Attack,50,,
Delina,75,,Self Damage Boost,100,,
Delina,100,,Ultimate Unlock,16,,
Delina,150,Empowered Spell,Grants Damage Over Time to Attack,50,,
Delina,200,Font of Magic,Specialisation Choice,100,Twinned Spell,
Delina,200,Endless Empowerment,Specialisation Choice,100,Empowered Spell,
Delina,500,,Ability Upgrade,100,Twinned Spell,Font of Magic
Delina,400,,Self Damage Boost,100,,
Delina,800,,Ability Upgrade,100,Twinned Spell,Font of Magic
Delina,575,,Self Damage Boost,200,,
Makos,40,,Self Damage Boost,300,,
Makos,50,,Self Damage Boost,400,,
Makos,10,,Self Damage Boost,100,,
Makos,15,Dark Luck,Specialisation Choice,100,,
Makos,15,Dark Blessing,Specialisation Choice,23,,
Makos,20,,Self Damage Boost,200,,
Makos,25,,Ultimate Unlock,18,,
Makos,30,,Self Damage Boost,300,,
Tyril,20,,All Damage Boost,100,,
Tyril,45,Moonbeam,Specialisation Choice,24,,
Tyril,45,Wild Shape,Specialisation Choice,25,,
Tyril,60,,Ultimate Unlock,20,,Moonbeam
Tyril,75,,All Damage Boost,100,,
Tyril,90,,Health Boost,490000000000,,Wild Shape
Tyril,125,Druidic Healing,Ability Unlock,26,,Moonbeam
Tyril,125,Wild Resilience,Ability Unlock,27,,Wild Shape
Tyril,150,,All Damage Boost,100,,Moonbeam
Tyril,140,,Health Boost,3800000000000,,Wild Shape
Tyril,350,,All Damage Boost,100,,Moonbeam
Bruenor,80,,Self Damage Boost,200,,
Bruenor,125,,Self Damage Boost,300,,
Bruenor,180,,Self Damage Boost,300,,
Bruenor,350,,Self Damage Boost,200,,
Bruenor,375,,Self Damage Boost,400,,Battle Master
Bruenor,425,,Self Damage Boost,300,,
Bruenor,450,,Self Damage Boost,200,,Champion
Bruenor,450,,Self Damage Boost,400,,Battle Master
Bruenor,525,,Self Damage Boost,100,,Champion
Bruenor,525,,Self Damage Boost,200,,Battle Master
Bruenor,575,,Self Damage Boost,300,,
Bruenor,550,,Self Damage Boost,100,,Champion
Bruenor,275,,Self Damage Boost,100,,Battle Master
Bruenor,375,,Self Damage Boost,200,,Champion
Celeste,60,,Self Damage Boost,400,,
Celeste,80,,Self Damage Boost,300,,
Celeste,110,,Self Damage Boost,400,,
Celeste,145,,Self Damage Boost,400,,
Celeste,165,,Self Damage Boost,100,,
Celeste,190,,Self Damage Boost,300,,
Celeste,215,,Self Damage Boost,300,,
Celeste,235,,Self Damage Boost,200,,
Celeste,260,,Self Damage Boost,300,,
Celeste,275,,Self Damage Boost,100,,
Nayeli,60,,Self Damage Boost,400,,
Nayeli,80,,Self Damage Boost,400,,
Nayeli,105,,Self Damage Boost,400,,
Nayeli,115,,Self Damage Boost,100,,
Nayeli,135,,Self Damage Boost,300,,
Nayeli,160,,Self Damage Boost,400,,
Nayeli,185,,Self Damage Boost,900,,
Nayeli,205,,Self Damage Boost,400,,
Nayeli,220,,Self Damage Boost,300,,
Jarlaxle,140,,Self Damage Boost,100,,
Jarlaxle,185,,Self Damage Boost,300,,
Jarlaxle,230,,Self Damage Boost,300,,
Jarlaxle,270,,Self Damage Boost,100,,
Jarlaxle,325,,Self Damage Boost,200,,
Calliope,105,,Self Damage Boost,200,,
Calliope,135,,Self Damage Boost,300,,
Calliope,175,,Self Damage Boost,400,,
Calliope,220,,Self Damage Boost,300,,
Calliope,250,,Self Damage Boost,400,,
Calliope,275,,Self Damage Boost,100,,
Asharra,90,,Self Damage Boost,300,,
Asharra,110,,Self Damage Boost,200,,
Minsc,120,,Self Damage Boost,200,,
Minsc,170,,Self Damage Boost,200,,
Delina,350,,Self Damage Boost,100,,
Delina,275,,Self Damage Boost,100,,
Delina,450,,Self Damage Boost,100,,
Celeste,295,,Self Damage Boost,300,,
Celeste,310,,Ability Upgrade,100,Crusader's Mantle,War Domain
Celeste,305,,Ability Upgrade,300,Mass Cure Wounds,
Celeste,365,,All Damage Boost,100,,War Domain
Celeste,330,,Self Damage Boost,300,,
Celeste,360,,Self Damage Boost,500,,
Celeste,380,,Self Damage Boost,200,,
Celeste,400,,Ability Upgrade,200,Crusader's Mantle,War Domain
Celeste,405,,Ability Upgrade,300,Mass Cure Wounds,
Celeste,425,,Self Damage Boost,300,,
Celeste,455,,All Damage Boost,100,,
Celeste,445,,Self Damage Boost,200,,
Celeste,500,,Ability Upgrade,100,Crusader's Mantle,
Celeste,480,,Self Damage Boost,300,,
Celeste,550,,Ability Upgrade,100,Crusader's Mantle,War Domain
Celeste,520,,Ability Upgrade,300,Mass Cure Wounds,
Celeste,510,,Self Damage Boost,300,,
Celeste,540,,Self Damage Boost,200,,
Bruenor,900,,Ability Upgrade,100,Rally,Battle Master
Bruenor,625,,Self Damage Boost,100,,
Bruenor,660,,Self Damage Boost,300,,Champion
Bruenor,700,,Ability Upgrade,100,Inspired,Champion
Bruenor,700,,Ability Upgrade,200,Rally,Battle Master
Bruenor,735,,Self Damage Boost,200,,
Bruenor,770,,Self Damage Boost,300,,
Bruenor,840,,Self Damage Boost,200,,
Bruenor,880,,Self Damage Boost,100,,
Bruenor,660,,Self Damage Boost,200,,Battle Master
Jamilah,35,Reckless Attack,Ability Unlock,33,,
Jamilah,40,Frenzy,Grants Secondary Attack to Nearby Target,1,,
Jamilah,50,Brute Strength,Specialisation Choice,200,,
Jamilah,50,Uncanny Speed,Specialisation Choice,2,,
Arkhan,3,First In Line,Ability Unlock,30,,
Arkhan,9,Loyalty,Ability Unlock,31,,
Arkhan,18,Chango Unchained,Specialisation Choice,28,,
Arkhan,18,Chango Restrained,Specialisation Choice,32,,
Nayeli,225,,Grants Enemy Taunt,2,,Oath of Devotion
Nayeli,210,,Health Boost,28000000000,,Oath of Devotion
Nayeli,275,,Health Boost,40000000000000,,Oath of Devotion
Nayeli,130,,Health Boost,5500000,,Oath of Devotion
Nayeli,240,,Health Boost,760000000000,,Oath of Devotion
Nayeli,305,,Health Boost,2400000000000000,,Oath of Devotion
Nayeli,330,,Health Boost,64000000000000000,,Oath of Devotion
Nayeli,250,,Self Damage Boost,400,,
Nayeli,265,,Self Damage Boost,200,,
Nayeli,295,,Self Damage Boost,300,,
Nayeli,310,,Self Damage Boost,300,,
Nayeli,325,,Self Damage Boost,200,,
Nayeli,350,,Self Damage Boost,300,,
Nayeli,225,,All Damage Boost,100,,Oath of Vengeance
Nayeli,275,,Ability Upgrade,100,Aura of Courage,Oath of Vengeance
Nayeli,300,,Ability Upgrade,100,Aura of Courage,Oath of Vengeance
Nayeli,345,,All Damage Boost,100,,Oath of Vengeance
Jarlaxle,430,,Self Damage Boost,300,,
Jarlaxle,450,,Self Damage Boost,200,,
Jarlaxle,480,,Self Damage Boost,200,,
Jarlaxle,490,,Gold Find Boost,10,,
Jarlaxle,500,,Ability Upgrade,200,Room To Work,Loner
Jarlaxle,500,,Ability Upgrade,100,Equal Opportunity,Socialite
Jarlaxle,520,,Self Damage Boost,100,,
Calliope,300,,Self Damage Boost,200,,
Calliope,340,,Self Damage Boost,300,,
Calliope,350,,All Damage Boost,100,,College of Lore
Calliope,370,,Self Damage Boost,200,,
Calliope,400,,Ability Upgrade,100,Bardic Inspiration,College of Valor
Calliope,395,,Ability Upgrade,300,Song of Protection,
Calliope,410,,Self Damage Boost,300,,
Calliope,440,,Self Damage Boost,200,,
Calliope,480,,Self Damage Boost,300,,
Calliope,475,,All Damage Boost,100,,
Calliope,515,,Self Damage Boost,200,,
Asharra,170,,Self Damage Boost,200,,
Asharra,185,,Self Damage Boost,200,,
Asharra,225,,Self Damage Boost,300,,
Asharra,235,,Self Damage Boost,100,,
Minsc,230,,Self Damage Boost,400,,
Minsc,260,,Self Damage Boost,400,,
Minsc,300,,Self Damage Boost,400,,
Delina,500,,Ability Upgrade,100,Empowered Spell,Endless Empowerment
Delina,800,,Ability Upgrade,100,Empowered Spell,Endless Empowerment
Delina,850,,Self Damage Boost,100,,
Delina,925,,Self Damage Boost,200,,
Delina,975,,Self Damage Boost,100,,
Makos,60,,Self Damage Boost,500,,
Makos,55,,Self Damage Boost,100,,
Makos,45,,Ability Upgrade,100,Dark Luck,Dark Luck
Makos,65,,Self Damage Boost,100,,
Makos,70,,Self Damage Boost,200,,
Makos,75,,Self Damage Boost,100,,
Tyril,110,,Self Damage Boost,100,,
Tyril,175,,Self Damage Boost,200,,
Tyril,210,,Self Damage Boost,200,,
Tyril,295,,Self Damage Boost,200,,
Tyril,325,,Self Damage Boost,100,,
Tyril,390,,Self Damage Boost,200,,
Tyril,215,,Health Boost,100000000000000,,Wild Shape
Tyril,250,,Health Boost,460000000000000,,Wild Shape
Tyril,320,,Health Boost,9500000000000000,,Wild Shape
Tyril,350,,Health Boost,50000000000000000,,Wild Shape
Jamilah,60,,Ultimate Unlock,24,,
Jamilah,70,,Self Damage Boost,200,,
Jamilah,75,,Self Damage Boost,200,,
Tyril,250,,All Damage Boost,100,,Moonbeam
Arkhan,12,,Ultimate Unlock,26,,
Arkhan,25,,Self Damage Boost,200,,
Celeste,170,,Ability Upgrade,500,Mass Cure Wounds,
Celeste,230,,Ability Upgrade,600,Mass Cure Wounds,
Celeste,370,,Ability Upgrade,400,Mass Cure Wounds,
Celeste,250,,Ability Upgrade,400,Mass Cure Wounds,
Celeste,285,,Ability Upgrade,200,Mass Cure Wounds,
Arkhan,15,,Self Damage Boost,100,,
Calliope,230,,Ability Upgrade,400,Song of Protection,
Celeste,450,,Ability Upgrade,400,Mass Cure Wounds,
Celeste,485,,Ability Upgrade,400,Mass Cure Wounds,
Celeste,535,,Ability Upgrade,400,Mass Cure Wounds,
Calliope,180,,Ability Upgrade,500,Song of Protection,
Calliope,245,,Ability Upgrade,100,Song of Protection,
Calliope,295,,Ability Upgrade,400,Song of Protection,
Calliope,375,,Ability Upgrade,200,Song of Protection,
Calliope,415,,Ability Upgrade,300,Song of Protection,
Calliope,525,,Ability Upgrade,100,Bardic Inspiration,College of Valor
Calliope,435,,Ability Upgrade,300,Song of Protection,
Calliope,530,,Ability Upgrade,500,Song of Protection,
Tyril,190,,Ability Upgrade,600,Wild Resilience,Wild Shape
Tyril,220,,Ability Upgrade,200,Wild Resilience,Wild Shape
Tyril,260,,Ability Upgrade,600,Wild Resilience,Wild Shape
Tyril,330,,Ability Upgrade,300,Wild Resilience,Wild Shape
Tyril,360,,Ability Upgrade,200,Wild Resilience,Wild Shape
Tyril,155,,Ability Upgrade,200,Druidic Healing,Moonbeam
Tyril,180,,Ability Upgrade,200,Druidic Healing,Moonbeam
Tyril,200,,Ability Upgrade,200,Moonbeam,Moonbeam
Tyril,205,,Ability Upgrade,200,Druidic Healing,Moonbeam
Tyril,265,,Ability Upgrade,300,Druidic Healing,Moonbeam
Tyril,290,,Ability Upgrade,100,Moonbeam,Moonbeam
Tyril,300,,Ability Upgrade,500,Druidic Healing,Moonbeam
Tyril,330,,Ability Upgrade,100,Moonbeam,Moonbeam
Tyril,375,,Ability Upgrade,200,Druidic Healing,Moonbeam
Tyril,60,,Ultimate Unlock,27,,Wild Shape
Celeste,25,,Self Damage Boost,400,,
Calliope,70,,Self Damage Boost,400,,
Celeste,270,,Ability Upgrade,300,Mass Cure Wounds,
Celeste,325,,Ability Upgrade,300,Mass Cure Wounds,
Celeste,345,,Ability Upgrade,400,Mass Cure Wounds,
Celeste,390,,Ability Upgrade,400,Mass Cure Wounds,
Celeste,420,,Ability Upgrade,100,Mass Cure Wounds,
Celeste,430,,Ability Upgrade,300,Mass Cure Wounds,
Celeste,465,,Ability Upgrade,300,Mass Cure Wounds,
Celeste,505,,Ability Upgrade,700,Mass Cure Wounds,
Celeste,385,,Ability Upgrade,100,Mass Cure Wounds,Life Domain
Tyril,155,,Ability Upgrade,200,Wild Resilience,Wild Shape
Tyril,180,,Health Boost,21000000000000,,Wild Shape
Tyril,290,,Health Boost,3000000000000000,,Wild Shape
Tyril,300,,Ability Upgrade,500,Wild Resilience,Wild Shape
Tyril,395,,Health Boost,530000000000000000,,Wild Shape
Tyril,400,,Ability Upgrade,900,Wild Resilience,Wild Shape
Tyril,235,,Ability Upgrade,200,Druidic Healing,Moonbeam
Tyril,320,,Ability Upgrade,100,Druidic Healing,Moonbeam
Tyril,345,,Ability Upgrade,500,Druidic Healing,Moonbeam
Tyril,410,,Ability Upgrade,500,Druidic Healing,Moonbeam
Arkhan,21,,Self Damage Boost,400,,
Calliope,270,,Ability Upgrade,400,Song of Protection,
Calliope,335,,Ability Upgrade,200,Song of Protection,
Calliope,460,,Ability Upgrade,500,Song of Protection,
Calliope,485,,Ability Upgrade,500,Song of Protection,
Makos,45,,Ability Upgrade,200,Dark Blessing,Dark Blessing
Calliope,90,,Ability Upgrade,500,Song of Protection,
Calliope,355,,Ability Upgrade,300,Song of Protection,
Calliope,505,,Ability Upgrade,500,Song of Protection,
Calliope,315,,Ability Upgrade,100,Bardic Inspiration,College of Lore
Arkhan,6,,Self Damage Boost,200,,
Hitch,40,Spare Dagger,Ability Unlock,38,,
Hitch,60,,Ultimate Unlock,41,,
Hitch,120,More Daggers,Specialisation Choice,1,,
Hitch,10,,Self Damage Boost,100,,
Hitch,35,,All Damage Boost,100,,
Hitch,90,,Self Damage Boost,100,,
Hitch,80,Friendly,Ability Unlock,35,,
Hitch,120,Charismatic,Specialisation Choice,100,Friendly,
Hitch,135,,Self Damage Boost,100,,
Hitch,165,,Self Damage Boost,200,,
Hitch,190,,Increase Number of Enemies Targeted,1,,More Daggers
Hitch,215,,Self Damage Boost,200,,
Hitch,250,,Self Damage Boost,200,,
Hitch,290,,Self Damage Boost,300,,
Hitch,310,,Increase Number of Enemies Targeted,1,,More Daggers
Hitch,345,,Self Damage Boost,200,,
Hitch,360,,All Damage Boost,100,,
Hitch,390,,Self Damage Boost,300,,
Hitch,425,,Self Damage Boost,100,,More Daggers
Hitch,440,,Increase Number of Enemies Targeted,1,,More Daggers
Hitch,465,,Self Damage Boost,100,,
Hitch,425,,Self Damage Boost,300,,Charismatic
Hitch,190,,Ability Upgrade,200,Friendly,Charismatic
Hitch,310,,Ability Upgrade,200,Friendly,Charismatic
Hitch,440,,Ability Upgrade,100,Friendly,Charismatic
Stoki,50,,Increase Number of Enemies Targeted,1,,
Stoki,30,Golden Palm,Ability Unlock,36,,
Stoki,100,Ki Strike,Specialisation Choice,37,,
Stoki,100,Extra Attacks,Specialisation Choice,1,,
Stoki,15,,Self Damage Boost,200,,
Stoki,75,,Self Damage Boost,300,,
Stoki,110,,Self Damage Boost,200,,
Stoki,130,,Self Damage Boost,200,,
Stoki,150,,Self Damage Boost,300,,
Stoki,170,,Self Damage Boost,300,,
Stoki,185,,Increase Number of Enemies Targeted,1,,Extra Attacks
Stoki,200,,Self Damage Boost,200,,
Stoki,210,,All Damage Boost,100,,
Stoki,225,,Self Damage Boost,300,,
Stoki,245,,Self Damage Boost,200,,
Stoki,270,,Self Damage Boost,300,,
Stoki,280,,Increase Number of Enemies Targeted,1,,Extra Attacks
Stoki,300,,Self Damage Boost,300,,
Stoki,325,,Self Damage Boost,200,,
Stoki,345,,Self Damage Boost,200,,
Stoki,365,,Self Damage Boost,100,,
Stoki,390,,Self Damage Boost,200,,
Stoki,400,,Increase Number of Enemies Targeted,1,,Extra Attacks
Stoki,425,,Self Damage Boost,300,,
Stoki,470,,Self Damage Boost,300,,
Stoki,380,,Increase Number of Enemies Targeted,1,,Ki Strike
Stoki,185,,Ability Upgrade,50,Ki Strike,Ki Strike
Stoki,400,,Ability Upgrade,50,Ki Strike,Ki Strike
Stoki,120,,Self Damage Boost,100,,Extra Attacks
Stoki,65,,Ultimate Unlock,43,,
Jamilah,25,,Self Damage Boost,200,,
Krond,35,,Self Damage Boost,100,,
Krond,135,Eldritch Strike,Ability Unlock,42,,
Krond,60,Cantrip: Thunderclap,Specialisation Choice,39,,
Krond,60,Cantrip: Shocking Grasp,Specialisation Choice,40,,
Krond,60,Cantrip: Fire Bolt,Specialisation Choice,41,,
Krond,80,,Self Damage Boost,100,,
Krond,100,,Self Damage Boost,100,,
Krond,120,,Self Damage Boost,200,,
Krond,150,,Self Damage Boost,200,,
Krond,165,,Self Damage Boost,200,,
Krond,190,,Self Damage Boost,100,,
Krond,210,,Self Damage Boost,200,,
Krond,220,,Ultimate Boost,100,,
Krond,235,,Self Damage Boost,200,,
Krond,265,,Self Damage Boost,100,,
Krond,275,,Self Damage Boost,100,,
Krond,300,,Self Damage Boost,300,,
Krond,330,,Self Damage Boost,100,,
Krond,355,,Self Damage Boost,200,,
Krond,385,,Self Damage Boost,200,,
Krond,420,,Self Damage Boost,300,,
Krond,175,,Ultimate Unlock,50,,
Bruenor,940,,Self Damage Boost,100,,Champion
Bruenor,980,,Self Damage Boost,100,,
Bruenor,940,,Self Damage Boost,200,,Battle Master
Bruenor,1030,,Ability Upgrade,200,Inspired,Champion
Bruenor,1030,,Ability Upgrade,200,Rally,Battle Master
Celeste,570,,Self Damage Boost,200,,
Celeste,610,,Self Damage Boost,300,,
Celeste,590,,Ability Upgrade,100,Crusader's Mantle,War Domain
Celeste,590,,All Damage Boost,100,,Life Domain
Nayeli,365,,Self Damage Boost,300,,
Nayeli,380,,Self Damage Boost,100,,
Nayeli,400,,Self Damage Boost,200,,
Nayeli,405,,Ability Upgrade,100,Aura of Courage,Oath of Vengeance
Nayeli,360,,Health Boost,5800000000000000000,,Oath of Devotion
Jarlaxle,550,,Self Damage Boost,200,,
Jarlaxle,575,,Ability Upgrade,100,Room To Work,Loner
Jarlaxle,575,,Ability Upgrade,200,Equal Opportunity,Socialite
Jarlaxle,605,,Self Damage Boost,100,,
Calliope,540,,Self Damage Boost,200,,
Calliope,560,,Self Damage Boost,300,,
Calliope,600,,Self Damage Boost,200,,
Calliope,575,,Ability Upgrade,100,Bardic Inspiration,College of Valor
Calliope,645,,All Damage Boost,100,,
Asharra,250,,Self Damage Boost,200,,
Asharra,265,,Ability Upgrade,100,Bond: Humans,Bond: Humans
Asharra,265,,Ability Upgrade,100,Bond: Elves and Dwarves,Bond: Elves and Dwarves
Asharra,265,,Ability Upgrade,100,"Bond: Tiefling, Firbolg, and Dragonborn","Bond: Tiefling, Firbolg, and Dragonborn"
Asharra,270,,Self Damage Boost,400,,
Minsc,320,,Self Damage Boost,300,,
Minsc,360,,Self Damage Boost,200,,
Minsc,350,,Ability Upgrade,50,Favored Enemy: Humanoids,Favored Enemy: Humanoids
Minsc,350,,Ability Upgrade,50,Favored Enemy: Beasts,Favored Enemy: Beasts
Minsc,350,,Ability Upgrade,50,Favored Enemy: Undead,Favored Enemy: Undead
Minsc,350,,Ability Upgrade,50,Favored Enemy: Fey,Favored Enemy: Fey
Minsc,350,,Ability Upgrade,50,Favored Enemy: Monstrosities,Favored Enemy: Monstrosities
Delina,1020,,Self Damage Boost,200,,
Delina,1060,,Self Damage Boost,200,,
Delina,1150,,Ability Upgrade,100,Twinned Spell,Font of Magic
Delina,1150,,Ability Upgrade,100,Empowered Spell,Endless Empowerment
Makos,80,,Ability Upgrade,100,Dark Luck,Dark Luck
Makos,80,,Ability Upgrade,200,Dark Blessing,Dark Blessing
Makos,85,,Self Damage Boost,100,,
Makos,90,,Self Damage Boost,100,,
Tyril,430,,Self Damage Boost,200,,
Tyril,500,,Self Damage Boost,300,,
Tyril,550,,Self Damage Boost,100,,
Tyril,445,,Health Boost,6100000000000000000,,Wild Shape
Tyril,440,,Ability Upgrade,900,Wild Resilience,Wild Shape
Tyril,480,,Health Boost,48000000000000000000,,Wild Shape
Tyril,485,,Ability Upgrade,1100,Wild Resilience,Wild Shape
Tyril,530,,Health Boost,530000000000000000000,,Wild Shape
Tyril,525,,Ability Upgrade,900,Wild Resilience,Wild Shape
Jamilah,90,,Self Damage Boost,100,,
Jamilah,115,,Self Damage Boost,200,,
Jamilah,105,,Self Damage Boost,100,,Uncanny Speed
Arkhan,30,,Self Damage Boost,100,,Chango Unchained
Arkhan,35,,Self Damage Boost,100,,Chango Unchained
Arkhan,30,,Health Boost,110000000000000000000,,Chango Restrained
Arkhan,35,,Self Damage Boost,200,,Chango Restrained
Hitch,485,,Self Damage Boost,200,,
Hitch,535,,Self Damage Boost,200,,
Hitch,510,,All Damage Boost,200,,Charismatic
Hitch,510,,All Damage Boost,300,,More Daggers
Stoki,450,,Self Damage Boost,100,,
Stoki,475,,Ability Upgrade,50,Ki Strike,Ki Strike
Stoki,490,,Self Damage Boost,100,,
Krond,440,,Ability Upgrade,50,Eldritch Strike,
Krond,460,,Self Damage Boost,200,,
Krond,480,,Self Damage Boost,100,,
Celeste,545,,Ability Upgrade,400,Mass Cure Wounds,
Celeste,575,,Ability Upgrade,700,Mass Cure Wounds,
Celeste,600,,Ability Upgrade,800,Mass Cure Wounds,
Calliope,545,,Ability Upgrade,500,Song of Protection,
Calliope,570,,Ability Upgrade,500,Song of Protection,
Calliope,595,,Ability Upgrade,500,Song of Protection,
Calliope,615,,Ability Upgrade,500,Song of Protection,
Tyril,440,,Ability Upgrade,400,Druidic Healing,Moonbeam
Tyril,465,,Ability Upgrade,300,Druidic Healing,Moonbeam
Tyril,495,,Ability Upgrade,200,Druidic Healing,Moonbeam
Tyril,525,,Ability Upgrade,600,Druidic Healing,Moonbeam
Gromma,25,Hardened Shell,Grants Damage Reduction,25,,
Gromma,90,Grandmotherly Love,Ability Unlock,47,,
Gromma,255,,Ultimate Unlock,59,,
Gromma,130,Circle of the Mountain,Specialisation Choice,48,,
Gromma,130,Circle of the Arctic,Specialisation Choice,49,,
Gromma,130,Circle of the Swamp,Specialisation Choice,50,,
Gromma,200,Spiked Shell,Grants Thorns,25,,Circle of the Mountain
Gromma,200,Freezing Breeze,Ability Unlock,52,,Circle of the Arctic
Gromma,200,Acid Splash,Ability Unlock,53,,Circle of the Swamp
Gromma,15,,Self Damage Boost,200,,
Gromma,45,,Self Damage Boost,300,,
Gromma,70,,Self Damage Boost,200,,
Gromma,100,,Self Damage Boost,300,,
Gromma,115,,Self Damage Boost,400,,
Gromma,145,,Self Damage Boost,400,,Circle of the Mountain
Gromma,145,,Self Damage Boost,400,,Circle of the Arctic
Gromma,145,,Self Damage Boost,600,,Circle of the Swamp
Gromma,165,,Self Damage Boost,300,,
Gromma,175,,Ability Upgrade,100,Grandmotherly Love,Circle of the Mountain
Gromma,175,,Ability Upgrade,200,Grandmotherly Love,Circle of the Arctic
Gromma,175,,Ability Upgrade,100,Grandmotherly Love,Circle of the Swamp
Gromma,190,,Self Damage Boost,400,,
Gromma,210,,Self Damage Boost,300,,
Gromma,235,,Self Damage Boost,200,,
Gromma,270,,Self Damage Boost,200,,Circle of the Mountain
Gromma,270,,Self Damage Boost,200,,Circle of the Arctic
Gromma,270,,Self Damage Boost,300,,Circle of the Swamp
Gromma,250,,Self Damage Boost,200,,
Gromma,285,,Ability Upgrade,100,Spiked Shell,Circle of the Mountain
Gromma,285,,Ability Upgrade,100,Freezing Breeze,Circle of the Arctic
Gromma,285,,Ability Upgrade,100,Acid Splash,Circle of the Swamp
Gromma,385,,Self Damage Boost,200,,
Gromma,295,,Self Damage Boost,300,,
Gromma,320,,Self Damage Boost,300,,
Gromma,330,,Ability Upgrade,100,Grandmotherly Love,
Gromma,340,,Self Damage Boost,100,,
Gromma,355,,All Damage Boost,100,,Circle of the Mountain
Gromma,355,,All Damage Boost,200,,Circle of the Arctic
Gromma,355,,All Damage Boost,100,,Circle of the Swamp
Gromma,365,,Self Damage Boost,400,,Circle of the Mountain
Gromma,365,,Self Damage Boost,400,,Circle of the Arctic
Gromma,365,,Self Damage Boost,500,,Circle of the Swamp
Gromma,400,,Ability Upgrade,100,Spiked Shell,Circle of the Mountain
Gromma,400,,Ability Upgrade,100,Freezing Breeze,Circle of the Arctic
Gromma,400,,Ability Upgrade,100,Acid Splash,Circle of the Swamp
Gromma,410,,Self Damage Boost,200,,
Gromma,440,,Self Damage Boost,300,,
Dhadius,280,,Ultimate Unlock,61,,
Dhadius,70,Skill Empowerment,Ability Unlock,60,,
Dhadius,140,Practice Makes Perfect,Ability Unlock,61,,
Dhadius,210,Empowered Orbs,Specialisation Choice,62,,
Dhadius,210,Empowered Empowerment,Specialisation Choice,200,Skill Empowerment,
Dhadius,105,,Ability Upgrade,100,Skill Empowerment,
Dhadius,30,,All Damage Boost,100,,
Dhadius,20,,Self Damage Boost,200,,
Dhadius,55,,Self Damage Boost,100,,
Dhadius,90,,All Damage Boost,100,,
Dhadius,110,,Self Damage Boost,200,,
Dhadius,130,,Self Damage Boost,100,,
Dhadius,150,,Ability Upgrade,100,Skill Empowerment,
Dhadius,160,,Self Damage Boost,300,,
Dhadius,180,,Self Damage Boost,200,,
Dhadius,200,,All Damage Boost,200,,
Dhadius,75,,Self Damage Boost,100,,
Dhadius,220,,Self Damage Boost,300,,
Dhadius,235,,Self Damage Boost,200,,
Dhadius,250,,Ability Upgrade,100,Skill Empowerment,
Dhadius,260,,Self Damage Boost,200,,
Dhadius,290,,Self Damage Boost,300,,
Dhadius,315,,Self Damage Boost,200,,
Dhadius,335,,Self Damage Boost,100,,Empowered Orbs
Dhadius,360,,Self Damage Boost,200,,
Dhadius,390,,Self Damage Boost,300,,
Dhadius,425,,Self Damage Boost,300,,
Dhadius,445,,Self Damage Boost,100,,
Dhadius,480,,Self Damage Boost,200,,
Dhadius,505,,Self Damage Boost,200,,
Dhadius,300,,All Damage Boost,200,,
Dhadius,405,,All Damage Boost,200,,
Dhadius,350,,Ability Upgrade,100,Skill Empowerment,
Dhadius,435,,Ability Upgrade,200,Skill Empowerment,
Dhadius,500,,Ability Upgrade,100,Skill Empowerment,
Dhadius,135,,All Damage Boost,100,,
Drizzt,25,Icingdeath,Ability Unlock,64,,
Drizzt,50,Twinkle,Ability Unlock,65,,
Drizzt,75,Companions of the Hall,Ability Unlock,66,,
Drizzt,100,Whirl of Steel,Specialisation Choice,67,,
Drizzt,100,Drow Stalker,Specialisation Choice,68,,
Drizzt,80,,Ability Upgrade,100,Icingdeath,
Drizzt,110,,Ability Upgrade,100,Companions of the Hall,
Drizzt,60,,Ultimate Unlock,66,,
Barrowin,40,Blessed Hammer,Ability Unlock,69,,
Barrowin,20,Healing Word,Ability Unlock,70,,
Barrowin,50,Shield of Faith,Ability Unlock,71,,
Barrowin,80,Greater Blessing,Specialisation Choice,200,Blessed Hammer,
Barrowin,80,Booming Voice,Specialisation Choice,100,Healing Word,
Barrowin,110,,Ability Upgrade,100,Blessed Hammer,
Barrowin,70,,Ability Upgrade,600,Healing Word,
Barrowin,120,,Ultimate Unlock,68,,
Drizzt,15,,Self Damage Boost,200,,
Drizzt,40,,Self Damage Boost,100,,
Drizzt,55,,Self Damage Boost,200,,
Drizzt,70,,Self Damage Boost,100,,
Drizzt,85,,Self Damage Boost,100,,
Drizzt,105,,Self Damage Boost,100,,
Drizzt,115,,Ability Upgrade,100,Icingdeath,
Drizzt,125,,Self Damage Boost,100,,
Drizzt,135,,Ability Upgrade,100,Companions of the Hall,
Drizzt,145,,Self Damage Boost,100,,
Drizzt,150,,All Damage Boost,100,,
Drizzt,165,,Self Damage Boost,200,,
Drizzt,175,,Ability Upgrade,100,Icingdeath,
Drizzt,190,,Self Damage Boost,200,,
Drizzt,200,,Ability Upgrade,100,Companions of the Hall,
Barrowin,55,,Self Damage Boost,100,,
Barrowin,95,,Self Damage Boost,100,,
Barrowin,125,,Self Damage Boost,200,,
Barrowin,160,,Self Damage Boost,200,,
Barrowin,195,,Self Damage Boost,200,,
Barrowin,235,,Self Damage Boost,200,,
Barrowin,250,,Self Damage Boost,100,,
Barrowin,285,,Self Damage Boost,100,,
Barrowin,310,,Self Damage Boost,200,,
Barrowin,45,,Ability Upgrade,400,Healing Word,
Barrowin,90,,Ability Upgrade,300,Healing Word,
Barrowin,115,,Ability Upgrade,500,Healing Word,
Barrowin,140,,Ability Upgrade,500,Healing Word,
Barrowin,165,,Ability Upgrade,600,Healing Word,
Barrowin,190,,Ability Upgrade,700,Healing Word,
Barrowin,210,,Ability Upgrade,400,Healing Word,
Barrowin,230,,Ability Upgrade,400,Healing Word,
Barrowin,255,,Ability Upgrade,700,Healing Word,
Barrowin,275,,Ability Upgrade,600,Healing Word,
Barrowin,300,,Ability Upgrade,600,Healing Word,
Barrowin,320,,Ability Upgrade,400,Healing Word,
Barrowin,65,,All Damage Boost,100,,
Barrowin,135,,All Damage Boost,100,,
Barrowin,225,,All Damage Boost,100,,
Barrowin,305,,All Damage Boost,100,,
Drizzt,210,,Self Damage Boost,200,,
Barrowin,155,,Ability Upgrade,100,Blessed Hammer,
Barrowin,200,,Ability Upgrade,100,Blessed Hammer,
Barrowin,260,,Ability Upgrade,100,Blessed Hammer,
Barrowin,325,,Ability Upgrade,100,Blessed Hammer,
Regis,50,Ruby Encouragement (Ahead),Specialisation Choice,75,,
Regis,50,Ruby Encouragement (Behind),Specialisation Choice,76,,
Regis,250,Ruby Weakness (Ranged),Specialisation Choice,77,,
Regis,250,Ruby Weakness (Melee),Specialisation Choice,78,,
Regis,250,Ruby Weakness (Magic),Specialisation Choice,79,,
Regis,100,,Ultimate Unlock,72,,
Regis,10,,Self Damage Boost,200,,
Regis,25,,All Damage Boost,100,,
Regis,90,,Ability Upgrade,100,,
Regis,30,,Self Damage Boost,200,,
Regis,55,,Self Damage Boost,200,,
Regis,75,,Self Damage Boost,200,,
Regis,105,,Self Damage Boost,200,,
Regis,125,,Self Damage Boost,200,,
Regis,160,,Self Damage Boost,200,,
Regis,190,,Self Damage Boost,200,,
Regis,230,,Self Damage Boost,200,,
Regis,245,,Self Damage Boost,200,,
Regis,275,,Self Damage Boost,200,,
Regis,300,,Self Damage Boost,200,,
Regis,320,,Self Damage Boost,200,,
Regis,355,,Self Damage Boost,300,,
Regis,385,,Self Damage Boost,300,,
Regis,425,,Self Damage Boost,300,,
Regis,460,,Self Damage Boost,300,,
Regis,505,,Self Damage Boost,300,,
Regis,530,,Self Damage Boost,300,,
Regis,575,,Self Damage Boost,300,,
Regis,615,,Self Damage Boost,300,,
Regis,670,,Self Damage Boost,400,,
Regis,715,,Self Damage Boost,400,,
Regis,735,,Self Damage Boost,100,,
Regis,65,,All Damage Boost,100,,
Regis,175,,All Damage Boost,100,,
Regis,340,,All Damage Boost,100,,
Regis,485,,All Damage Boost,100,,
Regis,590,,All Damage Boost,100,,
Regis,200,,Ability Upgrade,100,,
Regis,430,,Ability Upgrade,100,,
Regis,290,,Ability Upgrade,100,,
Regis,550,,Ability Upgrade,100,,
Regis,515,,Ability Upgrade,50,,
Regis,700,,Ability Upgrade,50,,
Regis,650,,Ability Upgrade,200,,
Regis,725,,Ability Upgrade,100,,
Birdsong,25,Song of Battle,Ability Unlock,83,,
Birdsong,80,Tempo of Battle,Ability Unlock,84,,
Birdsong,125,Tempo of Victory,Ability Unlock,86,,
Birdsong,40,Impressive Bladework,Increase Number of Enemies Targeted,1,,
Birdsong,100,Theme of Valor,Specialisation Choice,88,,
Birdsong,100,Theme of Consideration,Specialisation Choice,89,,
Birdsong,100,Theme of Deception,Specialisation Choice,90,,
Birdsong,145,,Ultimate Unlock,75,,
Birdsong,70,,Ability Upgrade,100,Song of Battle,
Birdsong,15,,Self Damage Boost,100,,
Birdsong,60,,Self Damage Boost,200,,
Birdsong,95,,Self Damage Boost,300,,
Birdsong,110,,Self Damage Boost,200,,
Birdsong,135,,Self Damage Boost,200,,
Birdsong,150,,Self Damage Boost,200,,
Birdsong,160,,Ability Upgrade,100,Song of Battle,
Birdsong,185,,Self Damage Boost,300,,
Birdsong,195,,Increase Number of Enemies Targeted,1,,
Birdsong,200,,Self Damage Boost,200,,
Birdsong,230,,Self Damage Boost,200,,
Birdsong,250,,Self Damage Boost,300,,
Birdsong,265,,Self Damage Boost,300,,
Birdsong,240,,Ability Upgrade,100,Song of Battle,
Bruenor,1050,,Self Damage Boost,200,,
Bruenor,1095,,Self Damage Boost,100,,
Bruenor,1140,,Self Damage Boost,100,,
Bruenor,1150,,All Damage Boost,100,,
Celeste,635,,Self Damage Boost,200,,
Celeste,670,,Self Damage Boost,300,,
Celeste,650,,Ability Upgrade,100,Crusader's Mantle,War Domain
Celeste,650,,All Damage Boost,100,,Life Domain
Gromma,490,,Ability Upgrade,100,Spiked Shell,Circle of the Mountain
Gromma,500,,Self Damage Boost,100,,
Gromma,475,,Self Damage Boost,200,,
Regis,765,,Self Damage Boost,100,,
Regis,795,,Self Damage Boost,100,,
Regis,835,,Self Damage Boost,200,,
Regis,820,,Ability Upgrade,100,,
Nayeli,430,,Self Damage Boost,200,,
Nayeli,445,,Self Damage Boost,100,,
Nayeli,450,,Ability Upgrade,100,Aura of Courage,Oath of Vengeance
Nayeli,410,,All Damage Boost,100,,Oath of Devotion
Gromma,490,,Ability Upgrade,100,Freezing Breeze,Circle of the Arctic
Gromma,490,,Ability Upgrade,100,Acid Splash,Circle of the Swamp
Gromma,460,,All Damage Boost,100,,
Jarlaxle,630,,Self Damage Boost,100,,
Jarlaxle,655,,Ability Upgrade,200,Room To Work,Loner
Jarlaxle,655,,Ability Upgrade,200,Equal Opportunity,Socialite
Jarlaxle,685,,Self Damage Boost,100,,
Jarlaxle,670,,Gold Find Boost,10,,
Stoki,525,,Self Damage Boost,100,,
Stoki,555,,Self Damage Boost,200,,
Stoki,540,,Ability Upgrade,50,Ki Strike,Ki Strike
Stoki,540,,Self Damage Boost,100,,Extra Attacks
Calliope,665,,Self Damage Boost,100,,
Calliope,700,,Self Damage Boost,200,,
Calliope,715,,Ability Upgrade,100,Bardic Inspiration,College of Valor
Dhadius,530,,Self Damage Boost,200,,
Dhadius,560,,Self Damage Boost,100,,
Dhadius,575,,Self Damage Boost,200,,
Asharra,290,,Self Damage Boost,100,,
Asharra,305,,Self Damage Boost,100,,
Asharra,315,,Self Damage Boost,100,,
Krond,510,,Self Damage Boost,100,,
Krond,530,,Self Damage Boost,100,,
Krond,560,,Self Damage Boost,200,,
Krond,545,,Ability Upgrade,50,Eldritch Strike,
Minsc,385,,Self Damage Boost,300,,
Minsc,420,,Self Damage Boost,300,,
Delina,1210,,Self Damage Boost,100,,
Delina,1290,,Self Damage Boost,100,,
Delina,1380,,Self Damage Boost,100,,
Delina,1440,,Self Damage Boost,100,,
Hitch,575,,Self Damage Boost,100,,
Hitch,610,,Self Damage Boost,100,,
Hitch,645,,Self Damage Boost,100,,
Hitch,555,,Increase Number of Enemies Targeted,1,,More Daggers
Makos,100,,Self Damage Boost,200,,
Makos,110,,Self Damage Boost,300,,
Makos,105,,Ability Upgrade,100,Dark Luck,Dark Luck
Makos,105,,Ability Upgrade,100,Dark Blessing,Dark Blessing
Drizzt,240,,Self Damage Boost,100,,
Drizzt,250,,Ability Upgrade,100,Companions of the Hall,
Birdsong,290,,Self Damage Boost,100,,
Birdsong,325,,Self Damage Boost,300,,
Tyril,585,,Self Damage Boost,100,,
Tyril,645,,Self Damage Boost,100,,
Tyril,695,,Self Damage Boost,100,,
Tyril,675,,Ability Upgrade,100,Moonbeam,Moonbeam
Tyril,675,,Self Damage Boost,100,,Wild Shape
Barrowin,350,,Self Damage Boost,100,,
Barrowin,380,,Self Damage Boost,100,,
Barrowin,410,,Self Damage Boost,100,,
Barrowin,420,,All Damage Boost,100,,
Jamilah,130,,Self Damage Boost,200,,
Jamilah,150,,Self Damage Boost,100,,
Jamilah,140,,Self Damage Boost,100,,Uncanny Speed
Arkhan,50,,Self Damage Boost,200,,
Arkhan,40,,Self Damage Boost,200,,
Zorbu,10,Favored Enemy: Drow,Specialisation Choice,98,,
Zorbu,10,Favored Enemy: Fiend,Specialisation Choice,99,,
Zorbu,10,Favored Enemy: Aberration,Specialisation Choice,100,,
Zorbu,10,Favored Enemy: Giant,Specialisation Choice,101,,
Zorbu,10,Favored Enemy: Elemental,Specialisation Choice,102,,
Zorbu,30,Hunter's Pack,Ability Unlock,103,,
Zorbu,55,,Ultimate Unlock,83,,
Zorbu,90,Colossus Slayer,Specialisation Choice,104,,
Zorbu,90,Horde Breaker,Specialisation Choice,105,,
Zorbu,110,,Self Damage Boost,200,,
Zorbu,75,,Self Damage Boost,100,,
Zorbu,50,,Self Damage Boost,200,,
Zorbu,65,,All Damage Boost,200,,
Zorbu,20,,Self Damage Boost,200,,
Zorbu,100,,Ability Upgrade,200,Hunter's Pack,
Zorbu,175,,Self Damage Boost,300,,
Zorbu,125,,Self Damage Boost,300,,
Zorbu,140,,Ability Upgrade,100,Favored Enemy: Drow,Favored Enemy: Drow
Zorbu,140,,Ability Upgrade,100,Favored Enemy: Fiend,Favored Enemy: Fiend
Zorbu,140,,Ability Upgrade,100,Favored Enemy: Aberration,Favored Enemy: Aberration
Zorbu,140,,Ability Upgrade,100,Favored Enemy: Giant,Favored Enemy: Giant
Zorbu,140,,Ability Upgrade,100,Favored Enemy: Elemental,Favored Enemy: Elemental
Zorbu,160,,Self Damage Boost,200,,
Zorbu,170,,Ability Upgrade,200,Hunter's Pack,
Strix,50,Death Ward,Ability Unlock,111,,
Strix,125,Haunted,Ability Unlock,112,,
Strix,25,Poor Hygiene,Ability Unlock,113,,
Strix,75,Panic!,Specialisation Choice,114,,
Strix,75,Hide!,Specialisation Choice,115,,
Strix,55,,All Damage Boost,200,,
Strix,100,,Ultimate Unlock,88,,
Strix,10,,Self Damage Boost,100,,
Strix,40,,Self Damage Boost,100,,
Strix,70,,Self Damage Boost,100,,
Strix,90,,Self Damage Boost,100,,
Strix,115,,Self Damage Boost,100,,
Strix,145,,Self Damage Boost,100,,
Strix,190,,Self Damage Boost,100,,
Strix,210,,Self Damage Boost,200,,
Strix,245,,Self Damage Boost,100,,
Strix,270,,Self Damage Boost,100,,
Strix,295,,Self Damage Boost,200,,
Strix,330,,Self Damage Boost,100,,
Strix,365,,Self Damage Boost,100,,
Strix,130,,Ability Upgrade,200,Poor Hygiene,
Strix,250,,Ability Upgrade,100,Poor Hygiene,
Strix,360,,Ability Upgrade,200,Poor Hygiene,
Strix,170,,All Damage Boost,100,,
Strix,310,,All Damage Boost,100,,
Strix,285,,Ability Upgrade,100,Haunted,
Nrakk,25,Kensei Cleave,Ability Unlock,122,,
Nrakk,75,Deft Strike,Ability Unlock,123,,
Nrakk,125,Stunning Strike,Ability Unlock,124,,
Nrakk,175,Kensei Advantage,Specialisation Choice,125,,
Nrakk,175,Unerring Accuracy,Specialisation Choice,126,,
Nrakk,150,,Ultimate Unlock,98,,
Nrakk,10,,Self Damage Boost,200,,
Nrakk,40,,Self Damage Boost,200,,
Nrakk,65,,All Damage Boost,100,,
Nrakk,85,,Self Damage Boost,200,,
Nrakk,100,,All Damage Boost,100,,
Nrakk,110,,Self Damage Boost,200,,
Nrakk,135,,Self Damage Boost,300,,
Nrakk,160,,Ability Upgrade,100,Deft Strike,
Nrakk,165,,Self Damage Boost,300,,
Nrakk,190,,All Damage Boost,100,,
Nrakk,210,,Ability Upgrade,100,Deft Strike,
Nrakk,345,,Self Damage Boost,200,,
Nrakk,200,,Self Damage Boost,300,,
Nrakk,225,,Self Damage Boost,300,,
Nrakk,240,,All Damage Boost,100,,
Nrakk,250,,Increases Area of Effect Radius,50,,
Nrakk,265,,Self Damage Boost,200,,
Nrakk,275,,Increases Stun Time,0.5,,
Nrakk,295,,Self Damage Boost,200,,
Nrakk,310,,All Damage Boost,100,,
Nrakk,325,,Ability Upgrade,100,Deft Strike,
Nrakk,360,,Self Damage Boost,200,,
Nrakk,425,,All Damage Boost,200,,
Nrakk,400,,Self Damage Boost,300,,
Bruenor,1165,,Self Damage Boost,100,,
Bruenor,1190,,Self Damage Boost,200,,
Bruenor,1245,,Self Damage Boost,100,,
Bruenor,1310,,Self Damage Boost,100,,
Bruenor,1225,,Ability Upgrade,100,Inspired,Champion
Bruenor,1225,,Ability Upgrade,100,Rally,Battle Master
Bruenor,1275,,Ultimate Boost,100,,
Celeste,700,,Self Damage Boost,100,,
Celeste,735,,Self Damage Boost,200,,
Celeste,775,,Self Damage Boost,200,,
Celeste,785,,All Damage Boost,100,,
Regis,965,,Self Damage Boost,200,,
Regis,865,,Self Damage Boost,200,,
Regis,920,,Self Damage Boost,200,,
Regis,935,,Ability Upgrade,100,,
Regis,895,,All Damage Boost,100,,
Nayeli,515,,Self Damage Boost,100,,
Nayeli,460,,Self Damage Boost,200,,
Nayeli,485,,Self Damage Boost,200,,
Nayeli,500,,Ability Upgrade,100,Aura of Courage,Oath of Vengeance
Nayeli,500,,All Damage Boost,200,,Oath of Devotion
Gromma,575,,Self Damage Boost,100,,
Gromma,515,,Self Damage Boost,100,,
Gromma,540,,Self Damage Boost,200,,
Gromma,510,,Ability Upgrade,100,Grandmotherly Love,
Gromma,560,,All Damage Boost,100,,
Gromma,580,,Ability Upgrade,100,Spiked Shell,Circle of the Mountain
Gromma,580,,Ability Upgrade,100,Freezing Breeze,Circle of the Arctic
Gromma,580,,Ability Upgrade,100,Acid Splash,Circle of the Swamp
Jarlaxle,800,,Ability Upgrade,100,Room To Work,Loner
Jarlaxle,700,,Self Damage Boost,100,,
Jarlaxle,740,,Self Damage Boost,100,,
Jarlaxle,775,,Self Damage Boost,200,,
Jarlaxle,760,,Gold Find Boost,10,,
Stoki,650,,Self Damage Boost,300,,
Jarlaxle,800,,Ability Upgrade,100,Equal Opportunity,Socialite
Stoki,605,,Self Damage Boost,200,,
Stoki,630,,Ability Upgrade,50,Golden Palm,
Calliope,835,,Self Damage Boost,200,,
Calliope,730,,Self Damage Boost,100,,
Calliope,765,,Self Damage Boost,100,,
Calliope,810,,Self Damage Boost,100,,
Calliope,780,,Ultimate Boost,100,,
Dhadius,675,,Self Damage Boost,200,,
Dhadius,620,,Self Damage Boost,200,,
Dhadius,650,,Self Damage Boost,200,,
Dhadius,610,,Ability Upgrade,100,Skill Empowerment,
Asharra,375,,Self Damage Boost,300,,
Asharra,330,,Self Damage Boost,100,,
Asharra,355,,Self Damage Boost,200,,
Asharra,350,Bond: Half-bloods,Specialisation Choice,137,,
Asharra,350,Bond: Exotic Races,Specialisation Choice,138,,
Asharra,350,Bond: Short-folk,Specialisation Choice,139,,
Krond,665,,Self Damage Boost,200,,
Krond,585,,Self Damage Boost,100,,
Krond,630,,Self Damage Boost,200,,
Krond,610,,Ability Upgrade,50,Eldritch Strike,
Minsc,500,,Self Damage Boost,300,,
Minsc,460,,Self Damage Boost,300,,
Minsc,510,,Ability Upgrade,50,Favored Enemy: Humanoids,Favored Enemy: Humanoids
Minsc,510,,Ability Upgrade,50,Favored Enemy: Beasts,Favored Enemy: Beasts
Minsc,510,,Ability Upgrade,50,Favored Enemy: Undead,Favored Enemy: Undead
Minsc,510,,Ability Upgrade,50,Favored Enemy: Fey,Favored Enemy: Fey
Minsc,510,,Ability Upgrade,50,Favored Enemy: Monstrosities,Favored Enemy: Monstrosities
Delina,1775,,Self Damage Boost,200,,
Delina,1550,,Self Damage Boost,200,,
Delina,1665,,Self Damage Boost,200,,
Hitch,780,,Self Damage Boost,100,,
Hitch,680,,Self Damage Boost,100,,
Hitch,720,,Self Damage Boost,200,,
Hitch,750,,All Damage Boost,100,,
Nrakk,515,,Self Damage Boost,200,,
Nrakk,455,,Self Damage Boost,100,,
Nrakk,475,,Self Damage Boost,100,,
Nrakk,490,,Ability Upgrade,100,Deft Strike,
Makos,135,,Self Damage Boost,300,,
Makos,120,,Self Damage Boost,300,,
Makos,130,,Ultimate Boost,100,,
Drizzt,320,,Self Damage Boost,200,,
Drizzt,270,,Self Damage Boost,200,,
Drizzt,300,,Self Damage Boost,200,,
Birdsong,400,,Self Damage Boost,200,,
Birdsong,345,,Self Damage Boost,100,,
Birdsong,370,,Self Damage Boost,100,,
Birdsong,390,,Ultimate Boost,100,,
Tyril,890,,Self Damage Boost,100,,
Tyril,730,,Self Damage Boost,100,,
Tyril,790,,Self Damage Boost,100,,
Tyril,850,,Self Damage Boost,100,,
Tyril,870,,Ability Upgrade,200,Moonbeam,Moonbeam
Barrowin,535,,Self Damage Boost,100,,
Barrowin,440,,Self Damage Boost,100,,
Barrowin,470,,Self Damage Boost,100,,
Barrowin,505,,Self Damage Boost,100,,
Barrowin,515,,All Damage Boost,100,,
Jamilah,200,,Self Damage Boost,100,,
Jamilah,165,,Self Damage Boost,100,,
Jamilah,180,,Self Damage Boost,200,,
Strix,470,,Self Damage Boost,100,,
Strix,395,,Self Damage Boost,100,,
Strix,445,,Self Damage Boost,200,,
Arkhan,70,,Self Damage Boost,300,,
Arkhan,60,,Self Damage Boost,200,,
Arkhan,65,,Gold Find Boost,20,,
Zorbu,240,,Self Damage Boost,300,,
Zorbu,195,,Self Damage Boost,100,,
Zorbu,225,,Self Damage Boost,200,,
Zorbu,230,,Ability Upgrade,200,Hunter's Pack,
Catti-Brie,10,Powerful Draw,Ability Unlock,140,,
Catti-Brie,100,Critical Hit,Grants Critical Strike Chance to Attacks,100,,
Catti-Brie,200,Mark for Death,Ability Unlock,141,,
Catti-Brie,150,,Ultimate Unlock,100,,
Catti-Brie,275,Follow-Up,Specialisation Choice,142,,
Catti-Brie,275,In The Zone,Specialisation Choice,200,Critical Hit,
Catti-Brie,285,,Increases Critical Strike Chance,25,Critical Hit,
Catti-Brie,350,,Ability Upgrade,100,Critical Hit,
Catti-Brie,400,,Ability Upgrade,100,Mark for Death,
Catti-Brie,500,,Ability Upgrade,50,Follow-Up,Follow-Up
Catti-Brie,800,,Self Damage Boost,100,,
Catti-Brie,300,,Self Damage Boost,100,,
Catti-Brie,500,,Increases Critical Strike Chance,25,Critical Hit,In The Zone
Catti-Brie,35,,Self Damage Boost,100,,
Catti-Brie,75,,Self Damage Boost,100,,
Catti-Brie,120,,Self Damage Boost,100,,
Catti-Brie,140,,All Damage Boost,100,,
Catti-Brie,165,,Self Damage Boost,200,,
Catti-Brie,185,,Self Damage Boost,100,,
Catti-Brie,225,,Self Damage Boost,200,,
Catti-Brie,255,,Self Damage Boost,200,,
Catti-Brie,330,,Self Damage Boost,100,,
Catti-Brie,375,,Self Damage Boost,100,,
Catti-Brie,405,,Self Damage Boost,100,,
Catti-Brie,445,,Self Damage Boost,100,,
Catti-Brie,470,,Self Damage Boost,100,,
Catti-Brie,490,,All Damage Boost,100,,
Catti-Brie,600,,Ability Upgrade,50,Mark for Death,
Catti-Brie,775,,Ability Upgrade,50,Follow-Up,Follow-Up
Catti-Brie,775,,Increases Critical Strike Chance,25,Critical Hit,In The Zone
Catti-Brie,520,,Self Damage Boost,100,,
Catti-Brie,545,,Self Damage Boost,200,,
Catti-Brie,585,,Self Damage Boost,200,,
Catti-Brie,630,,Self Damage Boost,200,,
Catti-Brie,685,,Self Damage Boost,200,,
Catti-Brie,720,,Self Damage Boost,100,,
Catti-Brie,755,,Self Damage Boost,100,,
Catti-Brie,945,,Self Damage Boost,100,,
Catti-Brie,840,,Self Damage Boost,100,,
Catti-Brie,890,,Self Damage Boost,100,,
Catti-Brie,920,,Ability Upgrade,100,Mark for Death,
Catti-Brie,870,,Ultimate Boost,100,,
